{
  "summary": {
    "top_files": [
      "online-bookstore",
      "online-bookstore-frontend"
    ],
    "detected": [
      [
        "maven",
        "/mnt/data/online-bookstore-fullstack/online-bookstore/pom.xml"
      ],
      [
        "node",
        "/mnt/data/online-bookstore-fullstack/online-bookstore-frontend/package.json"
      ]
    ]
  },
  "build_results": [
    {
      "type": "maven",
      "root": "/mnt/data/online-bookstore-fullstack/online-bookstore",
      "actions": [
        {
          "cmd": "mvn -v",
          "res": {
            "success": false,
            "returncode": 127,
            "output": "/bin/sh: 1: mvn: not found\n"
          }
        },
        {
          "cmd": "mvn -q -DskipTests package",
          "res": {
            "success": false,
            "returncode": 127,
            "output": "/bin/sh: 1: mvn: not found\n"
          }
        }
      ]
    },
    {
      "type": "node",
      "root": "/mnt/data/online-bookstore-fullstack/online-bookstore-frontend",
      "actions": [
        {
          "cmd": "node --version",
          "res": {
            "success": false,
            "returncode": 127,
            "output": "/bin/sh: 1: node: not found\n"
          }
        },
        {
          "cmd": "npm --version",
          "res": {
            "success": false,
            "returncode": 127,
            "output": "/bin/sh: 1: npm: not found\n"
          }
        },
        {
          "cmd": "npm install --no-audit --no-fund --silent",
          "res": {
            "success": false,
            "returncode": 127,
            "output": "/bin/sh: 1: npm: not found\n"
          }
        },
        {
          "cmd": "npm run build --silent",
          "res": {
            "success": false,
            "returncode": 127,
            "output": "/bin/sh: 1: npm: not found\n"
          }
        }
      ]
    }
  ]
}